{"admin@admin": ["SAO", "CUR", "GOI"], "pedro.cotta@brose.com": ["SAO", "CUR", "GOI"], "celeste.druszcz@brose.com": ["SAO", "CUR", "GOI"], "amanda.schmitz@brose.com": ["SAO", "CUR", "GOI"], "camilla.caron@brose.com": ["SAO", "CUR", "GOI"], "jonas.franco@brose.com": ["SAO", "CUR", "GOI"], "carlos.andreguetto2@brose.com": ["SAO", "CUR", "GOI"], "carlos.chaves@brose.com": ["SAO", "CUR", "GOI"], "gilceomar.castro@brose.com": ["Usuarios/Plantas", "SAO", "CUR", "GOI"], "carlos.fagundes@brose.com": ["Usuarios/Plantas", "SAO", "CUR", "GOI"], "ivan.timoxenco@brose.com": ["Usuarios/Plantas", "SAO", "CUR", "GOI"], "joao.silveira.temp@brose.com": ["Usuarios/Plantas", "SAO", "CUR", "GOI"], "karina.gallo@brose.com": ["Usuarios/Plantas", "SAO", "CUR", "GOI"], "thiago.pereira@brose.com": ["Usuarios/Plantas", "SAO", "CUR", "GOI"], "leandro.koga@brose.com": ["Usuarios/Plantas", "SAO", "CUR", "GOI"], "nivaldo.matoso@brose.com": ["Usuarios/Plantas", "SAO", "CUR", "GOI"], "luana.lenser@brose.com": ["Usuarios/Plantas", "SAO", "CUR", "GOI"], "anderson.jochen@brose.com": ["Usuarios/Plantas", "SAO", "CUR", "GOI"], "mariana.farias@brose.com": ["SAO", "admin@admin", "GOI", "CUR"], "mariana.silva@brose.com": ["SAO", "admin@admin", "GOI", "CUR"], "roberto.morais2@brose.com": ["SAO", "admin@admin", "GOI", "CUR"], "rudnei.denis@brose.com": ["SAO", "admin@admin", "GOI", "CUR"], "vinicius.oliveira@brose.com": ["SAO", "admin@admin", "GOI", "CUR"], "suelen.azevedo@brose.com": ["SAO", "admin@admin", "GOI", "CUR"], "wendel.lucas@brose.com": ["SAO", "admin@admin", "GOI", "CUR"], "joao.andreatti@brose.com": ["SAO", "admin@admin", "GOI", "CUR"], "zauri.pires@brose.com": ["SAO", "admin@admin", "GOI", "CUR"], "adriana.ewerling@brose.com": ["SAO", "admin@admin", "GOI", "CUR"], "gastao.ferraro@brose.com": ["SAO", "CUR", "GOI", "pedro.cotta@brose.com"], "danilo.amaral.extern@brose.com": ["SAO", "CUR", "GOI", "pedro.cotta@brose.com"]}